{
    "loss": 0.1734621375799179,
    "accuracy": 0.95333331823349
}